{
  "project_info": {
    "project_number": "111210776203",
    "firebase_url": "https://tabibapp-a57e9.firebaseio.com",
    "project_id": "tabibapp-a57e9",
    "storage_bucket": "tabibapp-a57e9.appspot.com"
  },
  "client": [
    {
      "client_info": {
        "mobilesdk_app_id": "1:111210776203:android:bfde9f301d42a164",
        "android_client_info": {
          "package_name": "com.example.mychatapp"
        }
      },
      "oauth_client": [
        {
          "client_id": "111210776203-qstvamsve1tfno3l4iddf94ktt2oaa7b.apps.googleusercontent.com",
          "client_type": 1,
          "android_info": {
            "package_name": "com.example.mychatapp",
            "certificate_hash": "f6f9024ef8f5fe123c067fd29781793231599192"
          }
        },
        {
          "client_id": "111210776203-91rusj4fs22fa0c3hh9q6qi2k0ch3f3g.apps.googleusercontent.com",
          "client_type": 3
        }
      ],
      "api_key": [
        {
          "current_key": "AIzaSyB67YTu_jBlHox0njvCjyOUEZ7Khag1_vY"
        }
      ],
      "services": {
        "appinvite_service": {
          "other_platform_oauth_client": [
            {
              "client_id": "111210776203-91rusj4fs22fa0c3hh9q6qi2k0ch3f3g.apps.googleusercontent.com",
              "client_type": 3
            }
          ]
        }
      }
    },
    {
      "client_info": {
        "mobilesdk_app_id": "1:111210776203:android:b92d71c84614c6fb",
        "android_client_info": {
          "package_name": "com.example.tabibapp"
        }
      },
      "oauth_client": [
        {
          "client_id": "111210776203-efo8iltg90d0tpl7suemeuue8qav9jcl.apps.googleusercontent.com",
          "client_type": 1,
          "android_info": {
            "package_name": "com.example.tabibapp",
            "certificate_hash": "f6f9024ef8f5fe123c067fd29781793231599192"
          }
        },
        {
          "client_id": "111210776203-91rusj4fs22fa0c3hh9q6qi2k0ch3f3g.apps.googleusercontent.com",
          "client_type": 3
        }
      ],
      "api_key": [
        {
          "current_key": "AIzaSyB67YTu_jBlHox0njvCjyOUEZ7Khag1_vY"
        }
      ],
      "services": {
        "appinvite_service": {
          "other_platform_oauth_client": [
            {
              "client_id": "111210776203-91rusj4fs22fa0c3hh9q6qi2k0ch3f3g.apps.googleusercontent.com",
              "client_type": 3
            }
          ]
        }
      }
    },
    {
      "client_info": {
        "mobilesdk_app_id": "1:111210776203:android:e2865a230e349b61",
        "android_client_info": {
          "package_name": "com.koddev.chatapp"
        }
      },
      "oauth_client": [
        {
          "client_id": "111210776203-2jml931md2vf9q6upllarrd96lhphtpq.apps.googleusercontent.com",
          "client_type": 1,
          "android_info": {
            "package_name": "com.koddev.chatapp",
            "certificate_hash": "f6f9024ef8f5fe123c067fd29781793231599192"
          }
        },
        {
          "client_id": "111210776203-91rusj4fs22fa0c3hh9q6qi2k0ch3f3g.apps.googleusercontent.com",
          "client_type": 3
        }
      ],
      "api_key": [
        {
          "current_key": "AIzaSyB67YTu_jBlHox0njvCjyOUEZ7Khag1_vY"
        }
      ],
      "services": {
        "appinvite_service": {
          "other_platform_oauth_client": [
            {
              "client_id": "111210776203-91rusj4fs22fa0c3hh9q6qi2k0ch3f3g.apps.googleusercontent.com",
              "client_type": 3
            }
          ]
        }
      }
    }
  ],
  "configuration_version": "1"
}